-- phpMyAdmin SQL Dump
-- version 4.0.10.14
-- http://www.phpmyadmin.net
--
-- Anamakine: localhost:3306
-- Üretim Zamanı: 08 Oca 2018, 04:12:57
-- Sunucu sürümü: 5.5.52-cll
-- PHP Sürümü: 5.4.31

SET SQL_MODE = "NO_AUTO_VALUE_ON_ZERO";
SET time_zone = "+00:00";


/*!40101 SET @OLD_CHARACTER_SET_CLIENT=@@CHARACTER_SET_CLIENT */;
/*!40101 SET @OLD_CHARACTER_SET_RESULTS=@@CHARACTER_SET_RESULTS */;
/*!40101 SET @OLD_COLLATION_CONNECTION=@@COLLATION_CONNECTION */;
/*!40101 SET NAMES utf8 */;

--
-- Veritabanı: `mahmutak_reception`
--

-- --------------------------------------------------------

--
-- Tablo için tablo yapısı `fee`
--

CREATE TABLE IF NOT EXISTS `fee` (
  `id` mediumint(8) unsigned NOT NULL AUTO_INCREMENT COMMENT 'id // 5',
  `name` tinytext COLLATE utf8_unicode_ci NOT NULL COMMENT 'fee name // Room Fee',
  PRIMARY KEY (`id`)
) ENGINE=InnoDB  DEFAULT CHARSET=utf8 COLLATE=utf8_unicode_ci COMMENT='fee types' AUTO_INCREMENT=13 ;

--
-- Tablo döküm verisi `fee`
--

INSERT INTO `fee` (`id`, `name`) VALUES
(1, 'Room Fee'),
(2, 'Shuttle - Ataturk'),
(3, 'Shuttle - Sabiha'),
(4, 'Transfer - Ataturk'),
(5, 'Transfer - Sabiha'),
(6, 'Tour'),
(7, 'Hamam'),
(8, 'Dinner'),
(9, 'Other'),
(10, 'Boat Cruise'),
(11, 'Dance Show'),
(12, 'Drink');

-- --------------------------------------------------------

--
-- Tablo için tablo yapısı `finance`
--

CREATE TABLE IF NOT EXISTS `finance` (
  `id` int(10) unsigned NOT NULL AUTO_INCREMENT COMMENT 'id // 5',
  `class` tinyint(3) unsigned NOT NULL COMMENT 'fee or payment 0:fee 1:payment // 0',
  `type` mediumint(8) unsigned NOT NULL COMMENT 'type id // 5',
  `description` text COLLATE utf8_unicode_ci NOT NULL COMMENT 'description // 3 kola',
  `date` int(10) unsigned NOT NULL COMMENT 'payment date // 20140621',
  `reservation` int(10) unsigned NOT NULL COMMENT 'reservation id // 5',
  `amount` int(11) NOT NULL COMMENT 'amount of payment // -1250',
  `currency` enum('TL','$','€','£') COLLATE utf8_unicode_ci NOT NULL COMMENT 'currency // $',
  `done` tinyint(3) unsigned NOT NULL COMMENT 'is paid? 0:unpaid 1:paid // 1',
  PRIMARY KEY (`id`)
) ENGINE=InnoDB  DEFAULT CHARSET=utf8 COLLATE=utf8_unicode_ci COMMENT='holds financial data' AUTO_INCREMENT=208 ;

--
-- Tablo döküm verisi `finance`
--

INSERT INTO `finance` (`id`, `class`, `type`, `description`, `date`, `reservation`, `amount`, `currency`, `done`) VALUES
(1, 0, 1, '', 20140208, 1, 300, '€', 1),
(2, 0, 4, '', 20140208, 1, 23, '€', 1),
(3, 0, 9, '%10 geri ödeme.', 20140208, 1, -30, '€', 1),
(4, 0, 1, 'dorm', 20140215, 2, 30, '€', 1),
(5, 0, 1, 'stay', 20140223, 3, 1000, 'TL', 0),
(6, 0, 1, '', 20140218, 4, 55, 'TL', 0),
(7, 0, 1, 'x', 20140226, 5, 81, '€', 1),
(8, 0, 3, 'ghg', 20140218, 4, 1111, 'TL', 0),
(10, 0, 1, '456', 20141210, 6, 456, 'TL', 1),
(11, 0, 1, '567', 20141210, 6, 567, 'TL', 0),
(12, 0, 1, '', 20140327, 7, 46, '€', 1),
(13, 0, 1, '', 20140326, 8, 28, '€', 1),
(14, 0, 1, '', 20140325, 9, 70, '€', 1),
(15, 0, 1, '', 20140328, 10, 11, '€', 0),
(16, 0, 1, '', 20140328, 11, 12, '€', 0),
(17, 0, 1, '', 20140328, 12, 12, '€', 0),
(18, 0, 1, '', 20140328, 13, 24, '€', 0),
(19, 0, 1, '', 20140328, 14, 11, '€', 0),
(20, 0, 1, '', 20140330, 15, 51, '€', 1),
(21, 0, 1, '', 20140328, 16, 28, '€', 1),
(22, 0, 1, '', 20140328, 16, 28, '€', 1),
(23, 0, 1, '', 20140328, 16, 28, '€', 1),
(24, 0, 1, '', 20140328, 16, 32, '€', 1),
(25, 0, 1, '', 20140331, 17, 30, '€', 0),
(26, 0, 1, '', 20140331, 17, 30, '€', 0),
(27, 0, 1, '', 20140331, 17, 30, '€', 0),
(28, 0, 1, '', 20140331, 17, 32, '€', 0),
(29, 0, 1, '', 20140331, 17, 32, '€', 0),
(30, 0, 1, '', 20140331, 17, 30, '€', 0),
(31, 0, 1, '', 20140331, 17, 30, '€', 0),
(32, 0, 1, '', 20140327, 18, 46, '€', 1),
(33, 0, 1, '', 20140327, 18, 46, '€', 1),
(34, 0, 1, '', 20140327, 18, 46, '€', 1),
(35, 0, 1, '', 20140327, 18, 46, '€', 1),
(36, 0, 1, '', 20140327, 18, 46, '€', 1),
(37, 0, 4, '', 20140327, 18, 24, '€', 1),
(38, 0, 1, '', 20140328, 19, 24, '€', 0),
(39, 0, 1, '', 20140328, 19, 24, '€', 0),
(40, 0, 1, '', 20140401, 20, 24, '€', 0),
(41, 0, 1, '', 20140401, 20, 24, '€', 0),
(42, 0, 1, '', 20140401, 20, 24, '€', 0),
(43, 0, 1, '', 20140401, 20, 24, '€', 0),
(44, 0, 1, '', 20140328, 21, 30, '€', 0),
(45, 0, 1, '', 20140328, 21, 30, '€', 0),
(46, 0, 1, '', 20140328, 21, 30, '€', 0),
(47, 0, 1, '', 20140328, 21, 30, '€', 0),
(48, 0, 1, '', 20140328, 21, 30, '€', 0),
(49, 0, 1, '', 20140331, 22, 12, '€', 0),
(50, 0, 1, '', 20140331, 22, 12, '€', 0),
(51, 0, 1, '', 20140331, 23, 26, '€', 0),
(52, 0, 1, '', 20140331, 23, 24, '€', 0),
(53, 0, 1, '', 20140331, 23, 24, '€', 0),
(54, 0, 1, '', 20140402, 24, 48, '€', 0),
(55, 0, 1, '', 20140402, 24, 46, '€', 0),
(56, 0, 1, '', 20140402, 24, 46, '€', 0),
(57, 0, 1, '', 20140402, 24, 46, '€', 0),
(58, 0, 1, '', 20140330, 25, 48, '€', 0),
(59, 0, 1, '', 20140330, 25, 46, '€', 0),
(60, 0, 1, '', 20140328, 26, 12, '€', 0),
(61, 0, 1, '', 20140325, 27, 24, '€', 1),
(62, 0, 1, '', 20140325, 27, 24, '€', 1),
(63, 0, 1, '', 20140329, 28, 28, '€', 0),
(64, 0, 1, '', 20140329, 28, 28, '€', 0),
(65, 0, 1, '', 20140329, 28, 32, '€', 0),
(66, 0, 1, '', 20140329, 28, 32, '€', 0),
(67, 0, 1, '', 20140329, 29, 30, '€', 0),
(68, 0, 1, '', 20140329, 29, 32, '€', 0),
(69, 0, 1, '', 20140329, 29, 32, '€', 0),
(70, 0, 1, '', 20140327, 30, 45, '€', 1),
(71, 0, 1, '', 20140327, 30, 45, '€', 1),
(72, 0, 1, '', 20140327, 30, 45, '€', 1),
(73, 0, 1, '', 20140327, 30, 45, '€', 1),
(74, 0, 4, '', 20140327, 30, 24, '€', 1),
(75, 0, 1, '', 20140324, 31, 70, '€', 1),
(76, 0, 1, '', 20140328, 32, 50, '€', 0),
(77, 0, 1, '', 20140328, 32, 50, '€', 0),
(78, 0, 1, '', 20140403, 33, 60, '€', 0),
(79, 0, 1, '', 20140403, 33, 60, '€', 0),
(80, 0, 1, '', 20140403, 33, 60, '€', 0),
(81, 0, 1, '', 20140403, 33, 60, '€', 0),
(82, 0, 1, '', 20140403, 33, 60, '€', 0),
(83, 0, 1, '', 20140329, 34, 20, '€', 0),
(84, 0, 1, '', 20140329, 34, 20, '€', 0),
(85, 0, 1, '', 20140329, 34, 20, '€', 0),
(86, 0, 1, '', 20140329, 34, 20, '€', 0),
(87, 0, 1, '', 20140401, 35, 28, '€', 0),
(88, 0, 1, '', 20140401, 35, 28, '€', 0),
(89, 0, 1, '', 20140401, 35, 28, '€', 0),
(90, 0, 1, '70 TL ödeme yaptı', 20140328, 36, 28, '€', 0),
(91, 0, 1, '', 20140328, 36, 28, '€', 0),
(92, 0, 1, '', 20140328, 36, 28, '€', 0),
(93, 0, 1, '', 20140328, 36, 28, '€', 0),
(94, 0, 1, '', 20140331, 37, 28, '€', 0),
(95, 0, 1, '', 20140331, 37, 24, '€', 0),
(96, 0, 1, '', 20140331, 37, 24, '€', 0),
(97, 0, 1, '', 20140404, 38, 68, '€', 0),
(98, 0, 1, '', 20140404, 38, 68, '€', 0),
(99, 0, 1, '', 20140404, 38, 68, '€', 0),
(100, 0, 1, '', 20140404, 38, 68, '€', 0),
(101, 0, 1, '', 20140404, 38, 68, '€', 0),
(102, 0, 1, '', 20140404, 38, 68, '€', 0),
(103, 0, 1, '', 20140404, 38, 68, '€', 0),
(104, 0, 1, '', 20140327, 39, 10, '€', 1),
(105, 0, 1, '', 20140327, 39, 10, '€', 1),
(106, 0, 1, '', 20140327, 39, 10, '€', 1),
(107, 0, 1, '', 20140327, 39, 10, '€', 1),
(108, 0, 1, '', 20140327, 40, 15, '€', 0),
(109, 0, 1, '', 20140327, 40, 15, '€', 0),
(110, 0, 1, '', 20140327, 40, 15, '€', 0),
(111, 0, 1, '50 TL Ödeme Yaptı', 20140401, 41, 16, '€', 0),
(112, 0, 1, '', 20140401, 41, 16, '€', 0),
(113, 0, 1, '', 20140401, 41, 16, '€', 0),
(114, 0, 1, '', 20140401, 41, 16, '€', 0),
(115, 0, 1, '', 20140401, 41, 16, '€', 0),
(116, 0, 1, '', 20140327, 42, 10, '€', 1),
(117, 0, 1, '', 20140327, 42, 10, '€', 1),
(118, 0, 1, '', 20140327, 42, 10, '€', 1),
(119, 0, 1, '', 20140327, 42, 10, '€', 1),
(120, 0, 1, '', 20140331, 43, 34, '€', 0),
(121, 0, 1, '', 20140331, 43, 34, '€', 0),
(122, 0, 1, '', 20140331, 43, 30, '€', 0),
(123, 0, 1, '', 20140331, 43, 30, '€', 0),
(124, 0, 1, '', 20140324, 44, 12, '€', 1),
(125, 0, 1, '', 20140326, 45, 12, '€', 1),
(126, 0, 1, '', 20140326, 45, 12, '€', 1),
(127, 0, 1, '', 20140326, 45, 12, '€', 1),
(128, 0, 1, '', 20140327, 46, 12, '€', 0),
(129, 0, 1, '', 20140327, 46, 12, '€', 0),
(130, 0, 1, '', 20140327, 46, 12, '€', 0),
(131, 0, 1, '', 20140326, 47, 12, '€', 0),
(132, 0, 1, '', 20140328, 48, 12, '€', 0),
(133, 0, 1, '', 20140328, 48, 15, '€', 0),
(134, 0, 1, '', 20140331, 49, 51, '€', 0),
(135, 0, 1, '', 20140331, 49, 51, '€', 0),
(136, 0, 1, '', 20140324, 50, 12, 'TL', 0),
(137, 0, 1, '', 20140404, 51, 18, '€', 0),
(138, 0, 1, '', 20140405, 52, 16, '€', 0),
(139, 0, 1, '', 20140405, 52, 18, '€', 0),
(140, 0, 1, '', 20140405, 52, 18, '€', 0),
(141, 0, 1, '', 20140404, 53, 16, '€', 0),
(142, 0, 1, '', 20140404, 53, 18, '€', 0),
(143, 0, 1, '', 20140406, 54, 26, '€', 0),
(144, 0, 1, '', 20140406, 54, 34, '€', 0),
(145, 0, 1, '', 20140406, 54, 34, '€', 0),
(146, 0, 1, '75 TL Ödedi', 20140407, 55, 30, '€', 0),
(147, 0, 1, '', 20140407, 55, 30, '€', 0),
(148, 0, 1, '', 20140407, 55, 30, '€', 0),
(149, 0, 1, '', 20140407, 55, 30, '€', 0),
(150, 0, 1, '', 20140401, 56, 24, '€', 0),
(151, 0, 1, '', 20140401, 56, 24, '€', 0),
(152, 0, 1, '', 20140403, 57, 46, '€', 0),
(153, 0, 1, '', 20140410, 58, 34, '€', 0),
(157, 0, 1, '', 20140406, 59, 34, '€', 0),
(158, 0, 1, '', 20140406, 59, 34, '€', 0),
(159, 0, 1, '', 20140406, 59, 36, '€', 0),
(160, 0, 1, '', 20140406, 59, 36, '€', 0),
(161, 0, 1, '', 20140406, 59, 34, '€', 0),
(162, 0, 1, '', 20140402, 60, 34, '€', 0),
(163, 0, 1, '', 20140402, 60, 34, '€', 0),
(164, 0, 1, '', 20140402, 60, 34, '€', 0),
(165, 0, 1, '', 20140406, 61, 46, '€', 0),
(166, 0, 1, '', 20140406, 61, 46, '€', 0),
(167, 0, 1, '', 20140406, 61, 46, '€', 0),
(168, 0, 1, '', 20140406, 61, 48, '€', 0),
(169, 0, 1, '', 20140406, 61, 48, '€', 0),
(170, 0, 1, '', 20140406, 61, 46, '€', 0),
(171, 0, 1, '', 20140404, 62, 28, '€', 0),
(172, 0, 1, '', 20140404, 62, 28, '€', 0),
(173, 0, 1, '', 20140404, 62, 46, '€', 0),
(174, 0, 1, '', 20140404, 62, 46, '€', 0),
(175, 0, 1, '', 20140404, 62, 48, '€', 0),
(176, 0, 1, '', 20140409, 63, 48, '€', 0),
(177, 0, 1, '', 20140409, 63, 46, '€', 0),
(178, 0, 1, '', 20140409, 63, 46, '€', 0),
(179, 0, 1, '', 20140409, 63, 46, '€', 0),
(180, 0, 1, '', 20140409, 63, 46, '€', 0),
(181, 0, 1, '', 20140408, 64, 46, '€', 0),
(182, 0, 1, '', 20140408, 64, 46, '€', 0),
(183, 0, 1, '', 20140408, 64, 48, '€', 0),
(184, 0, 1, '', 20140408, 64, 48, '€', 0),
(185, 0, 1, '', 20140408, 64, 46, '€', 0),
(186, 0, 1, '', 20140408, 64, 46, '€', 0),
(187, 0, 1, '', 20140408, 64, 46, '€', 0),
(188, 0, 1, '', 20140405, 65, 125, '€', 1),
(189, 0, 1, 'asd', 20151210, 66, 55, 'TL', 1),
(192, 0, 1, 'hfg', 20151210, 66, 88, 'TL', 1),
(193, 0, 4, 'jfjj', 20151210, 66, 99, '€', 0),
(194, 0, 5, 'erte', 20151210, 66, 555, '$', 0),
(195, 0, 11, 'tert', 20151210, 66, 22, 'TL', 1),
(196, 0, 1, 'qwseqw', 20140515, 67, 5464, 'TL', 1),
(197, 0, 5, 'qweqwe', 20140515, 67, 456, 'TL', 1),
(198, 0, 1, 'qweqwe', 20140515, 67, 456, 'TL', 0),
(199, 0, 1, 'agaga', 20140606, 68, 33, 'TL', 1),
(200, 0, 2, 'yhedyherye', 20140622, 69, 2020, 'TL', 1),
(201, 0, 1, 'dfsdfs', 20140717, 70, 3453, 'TL', 1),
(202, 0, 1, 'room', 20140713, 71, 25, '€', 0),
(203, 0, 1, 'sss', 20141214, 72, 19010, '$', 0),
(204, 0, 1, 'jlj', 20151114, 73, 6, 'TL', 0),
(205, 0, 7, 'asdad', 20160204, 74, 12, 'TL', 0),
(206, 0, 1, 'dorm', 20160216, 75, 15, '€', 0),
(207, 0, 1, 'e', 20180110, 76, 33, 'TL', 0);

-- --------------------------------------------------------

--
-- Tablo için tablo yapısı `main`
--

CREATE TABLE IF NOT EXISTS `main` (
  `id` tinyint(3) unsigned NOT NULL AUTO_INCREMENT COMMENT 'useless id // 1',
  `option` text COLLATE utf8_unicode_ci NOT NULL COMMENT 'bools for option opt:opt // 1:0:1:1:0',
  `forex` text COLLATE utf8_unicode_ci NOT NULL COMMENT 'forex rate for $:€:£ // 2.21:3.05:3.74',
  `ordroom` mediumtext COLLATE utf8_unicode_ci NOT NULL COMMENT 'order of undeleted room ids id:id:id // 5:2:3:7',
  `ordsource` mediumtext COLLATE utf8_unicode_ci NOT NULL COMMENT 'order of undeleted source ids id:id:id // 5:2:3:7',
  `ordfee` mediumtext COLLATE utf8_unicode_ci NOT NULL COMMENT 'order of undeleted fee ids id:id:id // 5:2:3:7',
  `ordpayment` mediumtext COLLATE utf8_unicode_ci NOT NULL COMMENT 'order of undeleted payment ids id:id:id // 5:2:3:7',
  `cuser` int(10) unsigned NOT NULL COMMENT 'last id of user',
  `croom` int(10) unsigned NOT NULL COMMENT 'last id of room',
  `creservation` int(10) unsigned NOT NULL COMMENT 'last id of reservation',
  `cpeople` int(10) unsigned NOT NULL COMMENT 'last id of people',
  `csource` int(10) unsigned NOT NULL COMMENT 'last id of source',
  `cfee` int(10) unsigned NOT NULL COMMENT 'last id of fee',
  `cpayment` int(10) unsigned NOT NULL COMMENT 'last id of payment',
  `cfinance` int(10) unsigned NOT NULL COMMENT 'last id of finance',
  PRIMARY KEY (`id`)
) ENGINE=InnoDB  DEFAULT CHARSET=utf8 COLLATE=utf8_unicode_ci COMMENT='holds main data of system' AUTO_INCREMENT=2 ;

--
-- Tablo döküm verisi `main`
--

INSERT INTO `main` (`id`, `option`, `forex`, `ordroom`, `ordsource`, `ordfee`, `ordpayment`, `cuser`, `croom`, `creservation`, `cpeople`, `csource`, `cfee`, `cpayment`, `cfinance`) VALUES
(1, '1:0:1', '2.91:3.08:4.38', '1:2:3:4:5:6:7:8:9:10:11:12:13:14:15:16:17:18:19:20', '1:2:4:7:8', '1:2:3:4:5:7:8:10:11:12', '1:2:3:4:5', 4, 20, 76, 107, 8, 12, 5, 207);

-- --------------------------------------------------------

--
-- Tablo için tablo yapısı `note`
--

CREATE TABLE IF NOT EXISTS `note` (
  `id` int(10) unsigned NOT NULL AUTO_INCREMENT COMMENT 'note id // 5',
  `note` text COLLATE utf8_unicode_ci NOT NULL COMMENT 'note body // 103''teki problemi halletmeyi unutmayın.',
  PRIMARY KEY (`id`)
) ENGINE=InnoDB  DEFAULT CHARSET=utf8 COLLATE=utf8_unicode_ci COMMENT='notes' AUTO_INCREMENT=8 ;

--
-- Tablo döküm verisi `note`
--

INSERT INTO `note` (`id`, `note`) VALUES
(1, 'Mahmut Akkuş herkese selamlarını sunsdfgsdfgar...'),
(3, 'Lütfen imla kurallarına uyalım.'),
(4, 'Cümleye büyük harfle başlanır.'),
(5, 'İsimlerin ilk harfleri büyük harfle yazılır.'),
(7, 'Mahmut alklajksda sdj aksdj asdh kjashd kjahskjdhakjsdh ajksdh kajsh djkahsjk dha kjsdaksdfg sdfg sdf dfg');

-- --------------------------------------------------------

--
-- Tablo için tablo yapısı `payment`
--

CREATE TABLE IF NOT EXISTS `payment` (
  `id` mediumint(8) unsigned NOT NULL AUTO_INCREMENT COMMENT 'id // 5',
  `name` tinytext COLLATE utf8_unicode_ci NOT NULL COMMENT 'payment name // Kira',
  PRIMARY KEY (`id`)
) ENGINE=InnoDB  DEFAULT CHARSET=utf8 COLLATE=utf8_unicode_ci COMMENT='payment types' AUTO_INCREMENT=6 ;

--
-- Tablo döküm verisi `payment`
--

INSERT INTO `payment` (`id`, `name`) VALUES
(1, 'Breakfast Expenses'),
(2, 'ADSL'),
(3, 'Bills'),
(4, 'Rent'),
(5, 'Employee Wage');

-- --------------------------------------------------------

--
-- Tablo için tablo yapısı `people`
--

CREATE TABLE IF NOT EXISTS `people` (
  `id` int(10) unsigned NOT NULL AUTO_INCREMENT COMMENT 'id // 5',
  `name` tinytext COLLATE utf8_unicode_ci NOT NULL COMMENT 'first-last name // John Doe',
  `passport` tinytext COLLATE utf8_unicode_ci NOT NULL COMMENT 'passport no // 192AD556Q',
  `country` smallint(5) unsigned NOT NULL COMMENT 'country enum // 35',
  `birth` int(10) unsigned NOT NULL COMMENT 'birthdate // 19950812',
  `reservation` int(10) unsigned NOT NULL COMMENT 'reservation id // 41',
  `checkin` int(10) unsigned NOT NULL COMMENT 'checkin date // 20140621',
  `checkout` int(10) unsigned NOT NULL COMMENT 'checkout date // 20140621',
  PRIMARY KEY (`id`)
) ENGINE=InnoDB  DEFAULT CHARSET=utf8 COLLATE=utf8_unicode_ci COMMENT='holds people info' AUTO_INCREMENT=108 ;

--
-- Tablo döküm verisi `people`
--

INSERT INTO `people` (`id`, `name`, `passport`, `country`, `birth`, `reservation`, `checkin`, `checkout`) VALUES
(2, 'Kazım Karabekir', 'QA21TW3C', 12, 19900101, 1, 20140208, 20140208),
(3, 'nohut ', '11111111111', 1, 19700202, 2, 20140210, 20140215),
(4, 'ahmett', '13214523523050923', 1, 19900301, 3, 20140220, 20140223),
(6, 'mbvnbvbn', 'hghg', 1, 19900101, 4, 20140215, 20140218),
(9, 'Dunja', 'x', 1, 19900101, 5, 20140224, 20140226),
(10, 'Dunja', 'x', 1, 19900101, 5, 20140224, 20140226),
(11, 'Dunja', 'x', 1, 19900101, 5, 20140224, 20140226),
(12, 'dfg', 'dfg', 1, 19900101, 6, 20141208, 20141210),
(13, 'Vanessa POSPİESH', 'ID/lF08K5f0', 68, 19860325, 7, 20140323, 20140327),
(14, 'Karin OBEİD', '444281408', 8, 19910505, 8, 20140322, 20140326),
(15, 'Travel SHOP', 'gkjhkh', 1, 19900101, 9, 20140321, 20140325),
(16, 'yumike', 'aaa', 1, 19900101, 10, 20140325, 20140328),
(17, 'Yumike', 'dsfsdfs', 1, 19900101, 11, 20140328, 20140328),
(18, 'Nadja', 'sdsafasf', 1, 19900101, 12, 20140327, 20140328),
(19, 'Nadja', 'sadasd', 1, 19900101, 12, 20140327, 20140328),
(20, 'Nadja', 'sdasfasfsa', 1, 19900101, 13, 20140327, 20140328),
(21, 'Yuki', 'asdsadsada', 1, 19900101, 14, 20140327, 20140328),
(22, 'Fatima', 'asdsadsa', 1, 19900101, 15, 20140324, 20140330),
(23, 'nour', 'asdfsadsadsa', 1, 19900101, 15, 20140324, 20140330),
(24, 'Steffen Joniak', '23434', 1, 19900101, 16, 20140325, 20140328),
(25, 'Taylour Boboltz', '23425', 1, 19900101, 17, 20140325, 20140331),
(26, 'Vanessa POSPIECH', 'asdasdsa', 1, 19900101, 18, 20140322, 20140327),
(27, 'Shie', 'asdsadsad', 1, 19900101, 19, 20140327, 20140328),
(28, 'asdsa', 'asdasdsa', 1, 19900101, 19, 20140327, 20140328),
(29, 'Myriel', 'asassa', 1, 19900101, 20, 20140329, 20140401),
(30, 'sadsad', 'asdsa', 1, 19900101, 20, 20140329, 20140401),
(31, 'Marie JONCOUR', 'sadasdsad', 1, 19900101, 21, 20140324, 20140328),
(32, 'Andres', 'sdasdsada', 1, 19900101, 22, 20140330, 20140331),
(33, 'Leonardo GARRİDO', 'asdsdasdas', 1, 19900101, 23, 20140329, 20140331),
(34, 'Eric BOXTER', 'sqsdsasdasdsa', 1, 19900101, 24, 20140329, 20140402),
(35, 'Pui Yi Lee', 'sadasda', 1, 19900101, 25, 20140329, 20140330),
(36, 'qasaSA', 'ASAsaS', 1, 19900101, 26, 20140325, 20140328),
(37, 'Hanna DECKRAM', 'asdsadsa', 68, 19900101, 27, 20140324, 20140325),
(39, 'Simon LUYVEN', 'sdasdsadsa', 1, 19900101, 28, 20140326, 20140329),
(40, 'Caroline RİECK', 'adasdsadsa', 1, 19900101, 29, 20140327, 20140329),
(41, 'Mina QVERE', 'sdadsada', 1, 19900101, 30, 20140324, 20140327),
(42, 'Cladia PİRAS', 'sdassadas', 1, 19900101, 31, 20140324, 20140324),
(43, 'Asasasa', 'asdsadas', 1, 19900101, 31, 20140324, 20140324),
(44, 'Shie', 'dsadsadsa', 1, 19900101, 32, 20140327, 20140328),
(45, 'sadasda', 'sadasdas', 1, 19900101, 32, 20140327, 20140328),
(46, 'Ameena FAHEM', 'asdasdsadas', 1, 19900101, 33, 20140330, 20140403),
(47, 'Hiroyuki OGASAWARA', 'fjthfjkh', 1, 19900101, 34, 20140326, 20140329),
(48, 'Kerem SUBASI', 'sadsadasda', 1, 19900101, 35, 20140330, 20140401),
(49, 'Yogi DOGİACHİ', 'asdasdsada', 1, 19900101, 36, 20140325, 20140328),
(50, 'David ZULUAGA', 'sadsfsafasdsadsa', 1, 19900101, 37, 20140329, 20140331),
(51, 'Kestin KOY', 'dfdfdse', 1, 19900101, 38, 20140329, 20140404),
(52, 'Wall LEE', 'sdasdasdas', 1, 19900101, 39, 20140324, 20140327),
(53, 'Ben', 'ewrwfwef', 1, 19900101, 40, 20140325, 20140327),
(54, 'Bhavin', 'sadasdasdsadas', 1, 19900101, 41, 20140328, 20140401),
(55, 'Yungui', 'asfdasdasdas', 1, 19900101, 42, 20140324, 20140327),
(56, 'Celine', 'asdasdasds', 1, 19900101, 43, 20140328, 20140331),
(57, 'Park', 'sadsdasdas', 1, 19900101, 44, 20140324, 20140324),
(58, 'Joseph', 'asdasdsadas', 1, 19900101, 45, 20140324, 20140326),
(59, 'Hesu', 'adsadsadsad', 1, 19900101, 46, 20140325, 20140327),
(60, 'Marzio', 'asdsadsadsa', 1, 19900101, 47, 20140326, 20140326),
(61, 'Jese', 'sadsadsadsa', 1, 19900101, 48, 20140327, 20140328),
(62, 'Muhammed DANİD', 'asdasdas', 1, 19900101, 49, 20140330, 20140331),
(63, 'sadsadas', 'asdsadsa', 1, 19900101, 49, 20140330, 20140331),
(64, 'asdsadsa', 'asdasdsa', 1, 19900101, 49, 20140330, 20140331),
(65, 'sdas', 'asd', 1, 19900101, 50, 20140324, 20140324),
(66, 'Jui CHUN', 'asassadasdsa', 1, 19900101, 51, 20140404, 20140404),
(67, 'Chou', 'sdasdsadsa', 1, 19900101, 52, 20140403, 20140405),
(68, 'hsıang', '1212', 1, 19900101, 53, 20140403, 20140404),
(69, 'Pete ANDELİN', 'sdasdsadsa', 1, 19900101, 54, 20140401, 20140406),
(70, 'Kate MAVRO', 'adsdasdsa', 1, 19900101, 55, 20140404, 20140407),
(71, 'Hillary TİLLES', 'asdasdasdas', 1, 19900101, 56, 20140331, 20140401),
(72, 'Heather FERGUAN', 'asdasdas', 1, 19900101, 57, 20140403, 20140403),
(73, 'Margeret SUTTAN', 'asdasdsadsa', 1, 19900101, 58, 20140408, 20140410),
(74, 'K.GRESCHER', 'dvsdxcvxv', 1, 19900101, 59, 20140402, 20140406),
(75, 'Roxana ALBUSEL', 'sadasdsa', 1, 19900101, 60, 20140331, 20140402),
(76, 'Lucas MAGALHAVES', 'sdasdsadas', 1, 19900101, 61, 20140401, 20140406),
(77, 'Stella REİNHARDT', 'asdsadas', 1, 19900101, 62, 20140331, 20140404),
(78, 'Monica Del CAROL', 'dfsdfsd', 33, 19900101, 63, 20140405, 20140409),
(79, 'Manuel WEİGAND', 'zxcxzcxz', 1, 19900101, 64, 20140402, 20140408),
(80, 'Lai  Yihui ', 'adasd', 1, 19900101, 65, 20140405, 20140405),
(81, 'asdas', 'asdas', 1, 19900101, 65, 20140405, 20140405),
(82, 'aasdas', 'dasdasdas', 1, 19900101, 65, 20140405, 20140405),
(83, 'asd', 'asdasd', 1, 19900101, 65, 20140405, 20140405),
(84, 'Celine', 'asdawd', 1, 19900101, 43, 20140328, 20140331),
(85, 'Jessica POSPIECH', '456', 1, 19900101, 18, 20140322, 20140327),
(86, 'Abdurr', 'Kerim', 1, 19900101, 66, 20151208, 20151210),
(88, 'Omar', 'Abuzaar', 1, 19900101, 66, 20151208, 20151210),
(89, 'sdfsdfs', 'sdfsdf', 8, 19900115, 67, 20140513, 20140515),
(90, 'dfsdf', 'sdf', 1, 19900101, 67, 20140513, 20140515),
(91, 'asdf', 'asdf', 1, 19900101, 68, 20140602, 20140606),
(92, 'fagaa', 'gagag', 1, 19900101, 68, 20140602, 20140606),
(93, 'nicolaa', '349593496346939', 10, 20140625, 69, 20140621, 20140622),
(94, 'asdaa', '23422', 1, 19900101, 70, 20140706, 20140717),
(95, 'sdaads', '342', 1, 19900101, 70, 20140706, 20140717),
(96, 'name', '39494949', 10, 19900713, 71, 20140710, 20140713),
(97, 'Mahmut akkus', 'qqqq', 1, 19940101, 72, 20141212, 20141214),
(98, 'see', 'wer', 1, 19900101, 72, 20141212, 20141214),
(99, 'kıjjlj', 'jlj', 1, 19900101, 73, 20151113, 20151114),
(100, 'jkj', 'l', 1, 19900101, 73, 20151113, 20151114),
(101, 'dasd', '1231', 1, 19900101, 74, 20160202, 20160204),
(102, 'asdas', '12312', 1, 19900101, 74, 20160202, 20160204),
(103, 'asda', 'as', 1, 19900101, 74, 20160202, 20160204),
(104, 'das', 'das', 1, 19900101, 74, 20160202, 20160204),
(105, 'sd', 'asd', 1, 19900101, 74, 20160202, 20160204),
(106, 'can', '1234534345', 11, 19821205, 75, 20160212, 20160216),
(107, 'asd', 'asd', 7, 19900105, 76, 20180107, 20180110);

-- --------------------------------------------------------

--
-- Tablo için tablo yapısı `reservation`
--

CREATE TABLE IF NOT EXISTS `reservation` (
  `id` int(10) unsigned NOT NULL AUTO_INCREMENT COMMENT 'reservation id // 53',
  `description` text COLLATE utf8_unicode_ci NOT NULL COMMENT 'description // bu adamlara dikkat',
  `stay` mediumtext COLLATE utf8_unicode_ci NOT NULL COMMENT 'staying days and rooms day.room:day.room // 20140621.12:20140622:1',
  `people` text COLLATE utf8_unicode_ci NOT NULL COMMENT 'people ids of this reservation // 56.57.59',
  `fee` text COLLATE utf8_unicode_ci NOT NULL COMMENT 'fee ids // 98.99.112',
  `source` mediumint(8) unsigned NOT NULL COMMENT 'source id // 4',
  `status` tinyint(3) unsigned NOT NULL COMMENT 'arrival status 0:not arrived 1:checkin 2:checkout 3:cancelled // 2',
  `allfeepaid` tinyint(3) unsigned NOT NULL COMMENT 'all fees paid 0:unpaid 1:paid // 1',
  PRIMARY KEY (`id`)
) ENGINE=InnoDB  DEFAULT CHARSET=utf8 COLLATE=utf8_unicode_ci COMMENT='reservation data' AUTO_INCREMENT=77 ;

--
-- Tablo döküm verisi `reservation`
--

INSERT INTO `reservation` (`id`, `description`, `stay`, `people`, `fee`, `source`, `status`, `allfeepaid`) VALUES
(1, 'Buraya rezervasyon ile alakalı ek açıklamaları yazabilirsiniz.\n\nEnter''a basıp bir sonraki satıra geçebilirsiniz.', '20140208.1', '2', '1:2:3', 6, 3, 1),
(2, '', '20140210.1:20140211.1:20140212.1:20140213.1:20140214.17:20140215.17', '3', '4', 2, 0, 1),
(3, 'hhhhh', '20140220.6:20140221.6:20140222.6:20140223.6', '4', '5', 1, 1, 0),
(4, '', '20140215.3:20140216.3:20140217.3:20140218.3', '6', '6:8', 3, 1, 0),
(5, 'x', '20140224.1:20140225.1:20140226.1', '9:10:11', '7', 7, 0, 1),
(6, '467', '20141208.1:20141209.1:20141210.1', '12', '10:11', 1, 0, 0),
(7, '', '20140323.3:20140324.3:20140325.3:20140326.3:20140327.3', '13', '12', 7, 3, 1),
(8, '', '20140322.5:20140323.5:20140324.5:20140325.5:20140326.5', '14', '13', 8, 1, 1),
(9, '', '20140321.9:20140322.9:20140323.9:20140324.9:20140325.9', '15', '14', 1, 1, 1),
(10, '', '20140325.1:20140326.1:20140327.1:20140328.1', '16', '15', 7, 0, 0),
(11, '', '20140328.1', '17', '16', 7, 3, 0),
(12, '', '20140327.1:20140328.1', '18:19', '17', 1, 0, 0),
(13, '', '20140327.2:20140328.2', '20', '18', 1, 0, 0),
(14, '', '20140327.1:20140328.1', '21', '19', 7, 0, 0),
(15, '', '20140324.4:20140325.4:20140326.4:20140327.4:20140328.4:20140329.4:20140330.4', '22:23', '20', 8, 0, 1),
(16, '', '20140325.7:20140326.7:20140327.7:20140328.7', '24', '21:22:23:24', 8, 1, 1),
(17, '', '20140325.10:20140326.10:20140327.10:20140328.10:20140329.10:20140330.10:20140331.10', '25', '25:26:27:28:29:30:31', 7, 0, 0),
(18, '', '20140322.3:20140323.3:20140324.3:20140325.3:20140326.3:20140327.3', '26:85', '32:33:34:35:36:37', 7, 1, 1),
(19, '', '20140327.5:20140328.5', '27:28', '38:39', 7, 0, 0),
(20, '', '20140329.5:20140330.5:20140331.5:20140401.5', '29:30', '40:41:42:43', 8, 0, 0),
(21, '', '20140324.6:20140325.6:20140326.6:20140327.6:20140328.6', '31', '44:45:46:47:48', 1, 0, 0),
(22, '', '20140330.1:20140331.1', '32', '49:50', 8, 0, 0),
(23, '', '20140329.2:20140330.2:20140331.2', '33', '51:52:53', 7, 0, 0),
(24, '', '20140329.6:20140330.6:20140331.6:20140401.6:20140402.3', '34', '54:55:56:57', 7, 0, 0),
(25, '', '20140329.7:20140330.7', '35', '58:59', 7, 0, 0),
(26, '', '20140325.1:20140326.1:20140327.1:20140328.1', '36', '60', 1, 3, 0),
(27, '', '20140324.8:20140325.8', '37', '61:62', 1, 0, 1),
(28, '', '20140326.8:20140327.8:20140328.8:20140329.8', '39', '63:64:65:66', 7, 0, 0),
(29, '', '20140327.9:20140328.9:20140329.9', '40', '67:68:69', 8, 0, 0),
(30, '', '20140324.11:20140325.11:20140326.11:20140327.11', '41', '70:71:72:73:74', 1, 0, 1),
(31, '', '20140324.12', '42:43', '75', 7, 0, 1),
(32, '', '20140327.12:20140328.12', '44:45', '76:77', 7, 0, 0),
(33, '', '20140330.11:20140331.11:20140401.11:20140402.11:20140403.11', '46', '78:79:80:81:82', 1, 0, 0),
(34, '', '20140326.13:20140327.13:20140328.13:20140329.13', '47', '83:84:85:86', 8, 0, 0),
(35, '', '20140330.13:20140331.13:20140401.13', '48', '87:88:89', 8, 0, 0),
(36, '', '20140325.14:20140326.14:20140327.14:20140328.14', '49', '90:91:92:93', 1, 0, 0),
(37, '', '20140329.14:20140330.14:20140331.14', '50', '94:95:96', 7, 0, 0),
(38, '', '20140329.15:20140330.15:20140331.15:20140401.15:20140402.15:20140403.15:20140404.15', '51', '97:98:99:100:101:102:103', 8, 0, 0),
(39, '', '20140324.17:20140325.17:20140326.17:20140327.17', '52', '104:105:106:107', 1, 0, 1),
(40, '', '20140325.17:20140326.17:20140327.17', '53', '108:109:110', 7, 0, 0),
(41, '', '20140328.17:20140329.17:20140330.17:20140331.17:20140401.17', '54', '111:112:113:114:115', 1, 0, 0),
(42, '', '20140324.17:20140325.17:20140326.17:20140327.17', '55', '116:117:118:119', 1, 0, 1),
(43, '', '20140328.17:20140329.17:20140330.17:20140331.17', '56:84', '120:121:122:123', 7, 0, 0),
(44, '', '20140324.17', '57', '124', 1, 0, 1),
(45, '', '20140324.17:20140325.17:20140326.17', '58', '125:126:127', 7, 0, 1),
(46, '', '20140325.17:20140326.17:20140327.17', '59', '128:129:130', 7, 0, 0),
(47, '', '20140326.17', '60', '131', 7, 0, 0),
(48, '', '20140327.17:20140328.17', '61', '132:133', 8, 0, 0),
(49, '', '20140330.18:20140331.18', '62:63:64', '134:135', 7, 0, 0),
(50, '', '20140324.12', '65', '136', 1, 3, 0),
(51, '', '20140404.1', '66', '137', 7, 0, 0),
(52, '', '20140403.1:20140404.1:20140405.1', '67', '138:139:140', 8, 0, 0),
(53, '', '20140403.1:20140404.1', '68', '141:142', 7, 0, 0),
(54, '', '20140401.2:20140402.2:20140403.2:20140404.3:20140405.3:20140406.10', '69', '143:144:145', 7, 0, 0),
(55, '', '20140404.2:20140405.2:20140406.2:20140407.2', '70', '146:147:148:149', 1, 0, 0),
(56, '', '20140331.3:20140401.3', '71', '150:151', 7, 0, 0),
(57, '', '20140403.3', '72', '152', 7, 0, 0),
(58, '', '20140408.3:20140409.3:20140410.3', '73', '153', 7, 0, 0),
(59, '', '20140402.6:20140403.6:20140404.6:20140405.6:20140406.6', '74', '157:158:159:160:161', 7, 0, 0),
(60, '', '20140331.7:20140401.10:20140402.10', '75', '162:163:164', 8, 0, 0),
(61, '', '20140401.7:20140402.7:20140403.7:20140404.7:20140405.7:20140406.7', '76', '165:166:167:168:169:170', 7, 0, 0),
(62, '', '20140331.8:20140401.8:20140402.8:20140403.8:20140404.8', '77', '171:172:173:174:175', 7, 0, 0),
(63, '', '20140405.8:20140406.8:20140407.8:20140408.8:20140409.8', '78', '176:177:178:179:180', 7, 0, 0),
(64, '', '20140402.13:20140403.13:20140404.13:20140405.13:20140406.13:20140407.13:20140408.13', '79', '181:182:183:184:185:186:187', 7, 0, 0),
(65, '', '20140405.15', '80:81:82:83', '188', 2, 0, 1),
(66, 'asdfasdf', '20151208.2:20151209.2:20151210.1', '86:88', '189:192:193:194:195', 1, 0, 0),
(67, 'asdasda', '20140513.3:20140514.3:20140515.3', '89:90', '196:197:198', 7, 3, 0),
(68, 'dfghdfg', '20140602.3:20140603.4:20140604.5:20140605.6:20140606.7', '91:92', '199', 1, 0, 1),
(69, 'can', '20140621.1:20140622.1', '93', '200', 1, 1, 1),
(70, '', '20140706.2:20140707.2:20140708.2:20140717.13', '94:95', '201', 1, 3, 1),
(71, '', '20140710.4:20140711.4:20140712.5:20140713.6', '96', '202', 1, 0, 0),
(72, 'Wwe\n', '20141212.6:20141213.6:20141214.6', '97:98', '203', 7, 0, 0),
(73, '', '20151113.2:20151114.2', '99:100', '204', 1, 0, 0),
(74, 'asdas', '20160202.16:20160203.16:20160204.16', '101:102:103:104:105', '205', 1, 1, 0),
(75, '', '20160212.17:20160213.17:20160214.17:20160215.17:20160216.17', '106', '206', 1, 0, 0),
(76, '', '20180107.1:20180108.1:20180109.1:20180110.1', '107', '207', 1, 0, 0);

-- --------------------------------------------------------

--
-- Tablo için tablo yapısı `room`
--

CREATE TABLE IF NOT EXISTS `room` (
  `id` mediumint(8) unsigned NOT NULL AUTO_INCREMENT COMMENT 'room id // 5',
  `name` tinytext COLLATE utf8_unicode_ci NOT NULL COMMENT 'name // 101',
  `type` tinytext COLLATE utf8_unicode_ci NOT NULL COMMENT 'type // Double Room',
  `bed` smallint(5) unsigned NOT NULL COMMENT 'bed count // 4',
  `active` mediumint(8) unsigned NOT NULL COMMENT 'active reservations in room // 0',
  PRIMARY KEY (`id`)
) ENGINE=InnoDB  DEFAULT CHARSET=utf8 COLLATE=utf8_unicode_ci COMMENT='holds room data' AUTO_INCREMENT=21 ;

--
-- Tablo döküm verisi `room`
--

INSERT INTO `room` (`id`, `name`, `type`, `bed`, `active`) VALUES
(1, '101', 'Female Dormitory', 4, 12),
(2, '102', 'Double Room', 2, 6),
(3, '103', 'Double Room', 2, 6),
(4, '104', 'Triple Room', 3, 3),
(5, '201', 'Triple Room', 3, 5),
(6, '202', 'Double Room', 2, 6),
(7, '203', 'Double Room', 2, 5),
(8, '204', 'Triple Room', 3, 4),
(9, '301', 'Double Room', 2, 2),
(10, '302', 'Triple Room', 3, 2),
(11, '303', 'Private Family Room', 4, 2),
(12, '304', 'Private Double Room', 2, 2),
(13, '401', 'Double Room', 2, 3),
(14, '402', 'Triple Room', 3, 2),
(15, '403', 'Private Family Room', 5, 2),
(16, '404', 'Private Double Room', 2, 1),
(17, 'DORM', 'Mixed Dormitory', 9, 11),
(18, '305', 'Private Room', 5, 1),
(19, 'Daire', 'Triple Suit Room', 3, 0),
(20, 'asd', 'asdasd', 1, 0);

-- --------------------------------------------------------

--
-- Tablo için tablo yapısı `source`
--

CREATE TABLE IF NOT EXISTS `source` (
  `id` mediumint(8) unsigned NOT NULL AUTO_INCREMENT COMMENT 'id // 5',
  `name` tinytext COLLATE utf8_unicode_ci NOT NULL COMMENT 'name // booking.com',
  PRIMARY KEY (`id`)
) ENGINE=InnoDB  DEFAULT CHARSET=utf8 COLLATE=utf8_unicode_ci COMMENT='booking sources' AUTO_INCREMENT=9 ;

--
-- Tablo döküm verisi `source`
--

INSERT INTO `source` (`id`, `name`) VALUES
(1, 'Gmail'),
(2, 'Booking.com'),
(3, 'Trip Advisor'),
(4, 'Venere.com'),
(5, 'Telephone'),
(6, 'Other'),
(7, 'Hostelworld.com'),
(8, 'Hostelbookers.com');

-- --------------------------------------------------------

--
-- Tablo için tablo yapısı `table`
--

CREATE TABLE IF NOT EXISTS `table` (
  `time` int(10) unsigned NOT NULL COMMENT 'entry date yyyymmdd // 20140621',
  `data` mediumtext COLLATE utf8_unicode_ci NOT NULL COMMENT 'reservation ids id:id:id // 213:342:712',
  PRIMARY KEY (`time`),
  UNIQUE KEY `time` (`time`)
) ENGINE=InnoDB DEFAULT CHARSET=utf8 COLLATE=utf8_unicode_ci COMMENT='holds reservations made for each day';

--
-- Tablo döküm verisi `table`
--

INSERT INTO `table` (`time`, `data`) VALUES
(20140206, '0'),
(20140207, '0'),
(20140208, '1'),
(20140209, '0'),
(20140210, '2'),
(20140211, '2'),
(20140212, '2'),
(20140213, '2'),
(20140214, '2'),
(20140215, '2:4'),
(20140216, '4'),
(20140217, '4'),
(20140218, '4'),
(20140220, '3'),
(20140221, '3'),
(20140222, '3'),
(20140223, '3'),
(20140224, '5'),
(20140225, '5'),
(20140226, '5'),
(20140301, '0'),
(20140302, '0'),
(20140303, '0'),
(20140304, '0'),
(20140305, '0'),
(20140306, '0'),
(20140307, '0'),
(20140308, '0'),
(20140309, '0'),
(20140321, '9'),
(20140322, '8:9:18'),
(20140323, '7:8:9:18'),
(20140324, '7:8:9:15:18:21:27:30:31:39:42:44:45:50'),
(20140325, '7:8:9:10:15:16:17:18:21:26:27:30:36:39:40:42:45:46'),
(20140326, '7:8:10:15:16:17:18:21:26:28:30:34:36:39:40:42:45:46:47'),
(20140327, '7:10:12:13:14:15:16:17:18:19:21:26:28:29:30:32:34:36:39:40:42:46:48'),
(20140328, '10:11:12:13:14:15:16:17:19:21:26:28:29:32:34:36:41:43:48'),
(20140329, '15:17:20:23:24:25:28:29:34:37:38:41:43'),
(20140330, '15:17:20:22:23:24:25:33:35:37:38:41:43:49'),
(20140331, '17:20:22:23:24:33:35:37:38:41:43:49:56:60:62'),
(20140401, '20:24:33:35:38:41:54:56:60:61:62'),
(20140402, '24:33:38:54:59:60:61:62:64'),
(20140403, '33:38:52:53:54:57:59:61:62:64'),
(20140404, '38:51:52:53:54:55:59:61:62:64'),
(20140405, '52:54:55:59:61:63:64:65'),
(20140406, '54:55:59:61:63:64'),
(20140407, '55:63:64'),
(20140408, '58:63:64'),
(20140409, '58:63'),
(20140410, '58'),
(20140513, '67'),
(20140514, '67'),
(20140515, '67'),
(20140601, '0'),
(20140602, '68'),
(20140603, '68'),
(20140604, '68'),
(20140605, '68'),
(20140606, '68'),
(20140607, '0'),
(20140608, '0'),
(20140609, '0'),
(20140610, '0'),
(20140611, '0'),
(20140612, '0'),
(20140613, '0'),
(20140614, '0'),
(20140615, '0'),
(20140616, '0'),
(20140617, '0'),
(20140618, '0'),
(20140619, '0'),
(20140620, '0'),
(20140621, '69'),
(20140622, '69'),
(20140623, '0'),
(20140624, '0'),
(20140625, '0'),
(20140626, '0'),
(20140627, '0'),
(20140628, '0'),
(20140629, '0'),
(20140630, '0'),
(20140706, '70'),
(20140707, '70'),
(20140708, '70'),
(20140710, '71'),
(20140711, '71'),
(20140712, '71'),
(20140713, '71'),
(20140717, '70'),
(20141208, '6'),
(20141209, '6'),
(20141210, '6'),
(20141212, '72'),
(20141213, '72'),
(20141214, '72'),
(20151113, '73'),
(20151114, '73'),
(20151207, '0'),
(20151208, '66'),
(20151209, '66'),
(20151210, '66'),
(20151211, '0'),
(20151212, '0'),
(20160202, '74'),
(20160203, '74'),
(20160204, '74'),
(20160212, '75'),
(20160213, '75'),
(20160214, '75'),
(20160215, '75'),
(20160216, '75'),
(20180107, '76'),
(20180108, '76'),
(20180109, '76'),
(20180110, '76');

-- --------------------------------------------------------

--
-- Tablo için tablo yapısı `user`
--

CREATE TABLE IF NOT EXISTS `user` (
  `id` mediumint(8) unsigned NOT NULL AUTO_INCREMENT COMMENT 'user id // 5',
  `type` enum('Manager','Employee') COLLATE utf8_unicode_ci NOT NULL COMMENT 'user type // manager',
  `username` tinytext COLLATE utf8_unicode_ci NOT NULL COMMENT 'username // xxhos43',
  `passwordhash` tinytext COLLATE utf8_unicode_ci NOT NULL COMMENT 'password hash // algorithm:iteraiton:salt:hash',
  `cookeyhash` tinytext COLLATE utf8_unicode_ci NOT NULL COMMENT 'cookie key hash // algorithm:iteraiton:salt:hash',
  PRIMARY KEY (`id`)
) ENGINE=InnoDB  DEFAULT CHARSET=utf8 COLLATE=utf8_unicode_ci COMMENT='user data' AUTO_INCREMENT=5 ;

--
-- Tablo döküm verisi `user`
--

INSERT INTO `user` (`id`, `type`, `username`, `passwordhash`, `cookeyhash`) VALUES
(1, 'Manager', 'root', 'sha256:4096:xy5FxSIyV6Z11A6LK80UEsB8yLoGDDdF:u9eDgH9Wib+grIVeY9cf1PY+Thf3J4s/', 'sha256:1024:u3vsNxMliLwjO+CJNIlCOBRswcfkZ+FD:kaZse7yeScOHivyGqtPs12k1kAxr8khR'),
(3, 'Manager', 'x', 'sha256:4096:/AW4hR33c52xD6pAYqa2of4UGzPuWLET:uzhbUYLzYPY7xN5+/e7yn77GA5hTKDQg', 'sha256:1024:V5iePLiocxsLxzxljiVMyy7abC8g0taA:OQcWUbzHj2/XkPOREee4IDqFISA/9ACo'),
(4, 'Employee', 'asdf', 'sha256:4096:oJeC8wtN6lT9+yy99f4PSqMGynkJ/cfC:ykX/9fJIaCuaWbYdm2EDxLtjNaG/ww7/', 'sha256:1024:l74Fw/aqzemCD0MUch6bzeZnXlSoCYRZ:7ri/N85tBw07C0K1T0mAILbxgnyED76A');

/*!40101 SET CHARACTER_SET_CLIENT=@OLD_CHARACTER_SET_CLIENT */;
/*!40101 SET CHARACTER_SET_RESULTS=@OLD_CHARACTER_SET_RESULTS */;
/*!40101 SET COLLATION_CONNECTION=@OLD_COLLATION_CONNECTION */;
